source_url,target_url
https://sulaksh.online/pyq/paper/research-methodology-pyq-2025-sem-7-paper-4-4fdf8caa.html,https://sulaksh.online/pyq/paper/research-methodology-pyq-2025-sem-7-paper-4-5c29951a.html
https://sulaksh.online/pyq/paper/research-methodology-pyq-2025-sem-7-paper-3-2798250a.html,https://sulaksh.online/pyq/paper/research-methodology-pyq-2025-sem-7-paper-3-38395355.html
https://sulaksh.online/pyq/paper/research-methodology-pyq-2025-sem-7-paper-3-92fdcaa3.html,https://sulaksh.online/pyq/paper/research-methodology-pyq-2025-sem-7-paper-3-38395355.html
https://sulaksh.online/pyq/paper/research-methodology-pyq-2025-sem-7-paper-2-1673cbb5.html,https://sulaksh.online/pyq/paper/research-methodology-pyq-2025-sem-7-paper-2-d31e1f23.html
https://sulaksh.online/pyq/paper/research-methodology-pyq-2025-sem-7-paper-2-66e1d680.html,https://sulaksh.online/pyq/paper/research-methodology-pyq-2025-sem-7-paper-2-d31e1f23.html
https://sulaksh.online/pyq/paper/research-methodology-pyq-2025-sem-7-59461b5f.html,https://sulaksh.online/pyq/paper/research-methodology-pyq-2025-sem-7-883180be.html
https://sulaksh.online/pyq/paper/research-methodology-pyq-2025-sem-7-4ba37133.html,https://sulaksh.online/pyq/paper/research-methodology-pyq-2025-sem-7-883180be.html
https://sulaksh.online/pyq/paper/research-methodology-pyq-2026-sem-7-dd581b07.html,https://sulaksh.online/pyq/paper/research-methodology-pyq-2026-sem-7-ba8f61fd.html
https://sulaksh.online/pyq/paper/research-methodology-pyq-2026-sem-7-6b6e1b09.html,https://sulaksh.online/pyq/paper/research-methodology-pyq-2026-sem-7-ba8f61fd.html
https://sulaksh.online/pyq/paper/research-methodology-pyq-2026-sem-7-339824ff.html,https://sulaksh.online/pyq/paper/research-methodology-pyq-2026-sem-7-ba8f61fd.html
https://sulaksh.online/pyq/paper/research-methodology-pyq-2025-sem-6-paper-2-a0a02869.html,https://sulaksh.online/pyq/paper/research-methodology-pyq-2025-sem-6-paper-2-d8cc6a1f.html
https://sulaksh.online/pyq/paper/research-methodology-pyq-2025-sem-6-2b5d6865.html,https://sulaksh.online/pyq/paper/research-methodology-pyq-2025-sem-6-ff6e1722.html
https://sulaksh.online/pyq/paper/research-methodology-pyq-2025-sem-6-8cf29799.html,https://sulaksh.online/pyq/paper/research-methodology-pyq-2025-sem-6-ff6e1722.html
https://sulaksh.online/pyq/paper/research-methodology-pyq-2026-sem-6-f8aa7c7e.html,https://sulaksh.online/pyq/paper/research-methodology-pyq-2026-sem-6-1549435a.html
https://sulaksh.online/pyq/paper/research-methodology-pyq-2026-sem-6-0a9adf84.html,https://sulaksh.online/pyq/paper/research-methodology-pyq-2026-sem-6-1549435a.html
https://sulaksh.online/pyq/paper/research-methodology-pyq-2026-sem-6-72ce49b6.html,https://sulaksh.online/pyq/paper/research-methodology-pyq-2026-sem-6-1549435a.html
https://sulaksh.online/pyq/paper/research-methodology-pyq-2026-sem-6-7af1800f.html,https://sulaksh.online/pyq/paper/research-methodology-pyq-2026-sem-6-1549435a.html
https://sulaksh.online/pyq/paper/research-methodology-pyq-2026-sem-6-paper-2-d2783147.html,https://sulaksh.online/pyq/paper/research-methodology-pyq-2026-sem-6-paper-2-9af09a3a.html
https://sulaksh.online/pyq/paper/research-methods-in-home-science-pyq-2025-sem-6-02c1a32f.html,https://sulaksh.online/pyq/paper/research-methods-in-home-science-pyq-2025-sem-6-194b3657.html
https://sulaksh.online/pyq/paper/research-methods-in-home-science-pyq-2026-sem-6-paper-4-3deee2fc.html,https://sulaksh.online/pyq/paper/research-methods-in-home-science-pyq-2026-sem-6-paper-4-8fad335e.html
https://sulaksh.online/pyq/paper/research-methods-in-home-science-pyq-2026-sem-6-paper-3-e53fd7c2.html,https://sulaksh.online/pyq/paper/research-methods-in-home-science-pyq-2026-sem-6-paper-3-ac0ab35d.html
https://sulaksh.online/pyq/paper/research-methods-in-home-science-pyq-2026-sem-6-paper-2-888632ae.html,https://sulaksh.online/pyq/paper/research-methods-in-home-science-pyq-2026-sem-6-paper-2-ceca47cc.html
https://sulaksh.online/pyq/paper/research-methods-in-home-science-pyq-2026-sem-6-b72f9c7b.html,https://sulaksh.online/pyq/paper/research-methods-in-home-science-pyq-2026-sem-6-79ce3b58.html
https://sulaksh.online/pyq/paper/development-process-and-social-movements-in-contemporary-india-pyq-2026-sem-8-paper-2-a279158e.html,https://sulaksh.online/pyq/paper/development-process-and-social-movements-in-contemporary-india-pyq-2026-sem-8-paper-2-9d0942c1.html
https://sulaksh.online/pyq/paper/political-ideas-of-ancient-india-pyq-2026-sem-8-854e8b47.html,https://sulaksh.online/pyq/paper/political-ideas-of-ancient-india-pyq-2026-sem-8-f54b78c6.html
https://sulaksh.online/pyq/paper/ethics-politics-and-governance-pyq-2026-sem-8-c4e8179b.html,https://sulaksh.online/pyq/paper/ethics-politics-and-governance-pyq-2026-sem-8-a2681080.html
https://sulaksh.online/pyq/paper/development-process-and-social-movements-in-contemporary-india-pyq-2026-sem-8-b860f5a8.html,https://sulaksh.online/pyq/paper/development-process-and-social-movements-in-contemporary-india-pyq-2026-sem-8-c548ec6b.html
https://sulaksh.online/pyq/paper/contemporary-debates-in-indian-politics-pyq-2025-sem-7-3fc07ab4.html,https://sulaksh.online/pyq/paper/contemporary-debates-in-indian-politics-pyq-2025-sem-7-ac752dc3.html
https://sulaksh.online/pyq/paper/understanding-savarkar-pyq-2026-sem-6-paper-2-145ba0c2.html,https://sulaksh.online/pyq/paper/understanding-savarkar-pyq-2026-sem-6-paper-2-fff26ee5.html
https://sulaksh.online/pyq/paper/understanding-savarkar-pyq-2026-sem-6-f4541319.html,https://sulaksh.online/pyq/paper/understanding-savarkar-pyq-2026-sem-6-12fc7872.html
https://sulaksh.online/pyq/paper/international-political-economy-pyq-2024-sem-5-bf4d5346.html,https://sulaksh.online/pyq/paper/international-political-economy-pyq-2024-sem-5-4ae59869.html
https://sulaksh.online/pyq/paper/gandhi-and-the-contemporary-world-pyq-2023-sem-4-d42943d4.html,https://sulaksh.online/pyq/paper/gandhi-and-the-contemporary-world-pyq-2023-sem-4-528bca45.html
https://sulaksh.online/pyq/paper/gandhi-and-the-contemporary-world-pyq-2026-sem-4-6b6ded7c.html,https://sulaksh.online/pyq/paper/gandhi-and-the-contemporary-world-pyq-2026-sem-4-ee19108a.html
https://sulaksh.online/pyq/paper/introduction-to-digital-humanities-pyq-2026-sem-8-paper-2-b6f230e2.html,https://sulaksh.online/pyq/paper/introduction-to-digital-humanities-pyq-2026-sem-8-paper-2-c929e4c8.html
https://sulaksh.online/pyq/paper/genre-fiction-pyq-2026-sem-8-paper-2-5747eae8.html,https://sulaksh.online/pyq/paper/genre-fiction-pyq-2026-sem-8-paper-2-8aa78d72.html
https://sulaksh.online/pyq/paper/african-literature-pyq-2026-sem-8-paper-2-355c9b3d.html,https://sulaksh.online/pyq/paper/african-literature-pyq-2026-sem-8-paper-2-d7988df3.html
https://sulaksh.online/pyq/paper/introduction-to-digital-humanities-pyq-2026-sem-8-9e5b4359.html,https://sulaksh.online/pyq/paper/introduction-to-digital-humanities-pyq-2026-sem-8-f0ceaf2f.html
https://sulaksh.online/pyq/paper/genre-fiction-pyq-2026-sem-8-7b9b36d6.html,https://sulaksh.online/pyq/paper/genre-fiction-pyq-2026-sem-8-53982d43.html
https://sulaksh.online/pyq/paper/african-literature-pyq-2026-sem-8-0ea7107b.html,https://sulaksh.online/pyq/paper/african-literature-pyq-2026-sem-8-17f2c39b.html
https://sulaksh.online/pyq/paper/twentieth-century-european-fiction-pyq-2025-sem-7-b08e62c3.html,https://sulaksh.online/pyq/paper/twentieth-century-european-fiction-pyq-2025-sem-7-f44407e7.html
https://sulaksh.online/pyq/paper/latin-american-literature-pyq-2025-sem-7-bdbdf6dc.html,https://sulaksh.online/pyq/paper/latin-american-literature-pyq-2025-sem-7-551ada77.html
https://sulaksh.online/pyq/paper/india-and-the-world-pyq-2025-sem-7-5cb50b7c.html,https://sulaksh.online/pyq/paper/india-and-the-world-pyq-2025-sem-7-c3928aa2.html
https://sulaksh.online/pyq/paper/contemporary-south-asian-literature-pyq-2025-sem-7-8f26ef13.html,https://sulaksh.online/pyq/paper/contemporary-south-asian-literature-pyq-2025-sem-7-636ea0b1.html
https://sulaksh.online/pyq/paper/speculative-fiction-and-detective-fiction-pyq-2026-sem-6-paper-2-3c0de330.html,https://sulaksh.online/pyq/paper/speculative-fiction-and-detective-fiction-pyq-2026-sem-6-paper-2-a07efe46.html
https://sulaksh.online/pyq/paper/literature-and-disability-pyq-2026-sem-6-paper-2-3781d9cb.html,https://sulaksh.online/pyq/paper/literature-and-disability-pyq-2026-sem-6-paper-2-856e46d3.html
https://sulaksh.online/pyq/paper/british-literature-post-world-war-ii-pyq-2026-sem-6-paper-2-6f4aeb8a.html,https://sulaksh.online/pyq/paper/british-literature-post-world-war-ii-pyq-2026-sem-6-paper-2-32f58a1f.html
https://sulaksh.online/pyq/paper/world-literatures-pyq-2026-sem-6-f1234b7a.html,https://sulaksh.online/pyq/paper/world-literatures-pyq-2026-sem-6-b77823e3.html
https://sulaksh.online/pyq/paper/speculative-fiction-and-detective-fiction-pyq-2026-sem-6-46ee2631.html,https://sulaksh.online/pyq/paper/speculative-fiction-and-detective-fiction-pyq-2026-sem-6-6537a729.html
https://sulaksh.online/pyq/paper/literature-and-disability-pyq-2026-sem-6-1de516b5.html,https://sulaksh.online/pyq/paper/literature-and-disability-pyq-2026-sem-6-3c8eb713.html
https://sulaksh.online/pyq/paper/british-literature-post-world-war-ii-pyq-2026-sem-6-463fb273.html,https://sulaksh.online/pyq/paper/british-literature-post-world-war-ii-pyq-2026-sem-6-daad910a.html
https://sulaksh.online/pyq/paper/twentieth-century-novel-pyq-2024-sem-5-a05698d4.html,https://sulaksh.online/pyq/paper/twentieth-century-novel-pyq-2024-sem-5-96535ad5.html
https://sulaksh.online/pyq/paper/literature-and-human-rights-pyq-2024-sem-5-paper-2-a6116dc2.html,https://sulaksh.online/pyq/paper/literature-and-human-rights-pyq-2024-sem-5-paper-2-f6180cc6.html
https://sulaksh.online/pyq/paper/literature-and-human-rights-pyq-2024-sem-5-8315fc06.html,https://sulaksh.online/pyq/paper/literature-and-human-rights-pyq-2024-sem-5-177bdf50.html
https://sulaksh.online/pyq/paper/twentieth-century-novel-pyq-2025-sem-5-9a083c08.html,https://sulaksh.online/pyq/paper/twentieth-century-novel-pyq-2025-sem-5-96ef2edb.html
https://sulaksh.online/pyq/paper/indian-writing-in-english-translation-pyq-2026-sem-4-paper-2-59d4a070.html,https://sulaksh.online/pyq/paper/indian-writing-in-english-translation-pyq-2026-sem-4-paper-2-caeccbc4.html
https://sulaksh.online/pyq/paper/indian-writing-in-english-pyq-2026-sem-4-paper-2-a1e3cc40.html,https://sulaksh.online/pyq/paper/indian-writing-in-english-pyq-2026-sem-4-paper-2-7ab30930.html
https://sulaksh.online/pyq/paper/indian-writing-in-english-translation-pyq-2026-sem-4-5b8135ba.html,https://sulaksh.online/pyq/paper/indian-writing-in-english-translation-pyq-2026-sem-4-3390b78a.html
https://sulaksh.online/pyq/paper/indian-writing-in-english-pyq-2026-sem-4-5692983c.html,https://sulaksh.online/pyq/paper/indian-writing-in-english-pyq-2026-sem-4-c6c366bc.html
https://sulaksh.online/pyq/paper/graphic-narratives-pyq-2026-sem-4-1b728857.html,https://sulaksh.online/pyq/paper/graphic-narratives-pyq-2026-sem-4-d7d534cb.html
https://sulaksh.online/pyq/paper/dystopian-writings-pyq-2026-sem-4-724e11f1.html,https://sulaksh.online/pyq/paper/dystopian-writings-pyq-2026-sem-4-88dd128e.html
https://sulaksh.online/pyq/paper/nineteenth-century-european-realism-pyq-2025-sem-3-1083ce40.html,https://sulaksh.online/pyq/paper/nineteenth-century-european-realism-pyq-2025-sem-3-8bc778de.html
https://sulaksh.online/pyq/paper/literature-and-cinema-pyq-2026-sem-3-c1317b32.html,https://sulaksh.online/pyq/paper/literature-and-cinema-pyq-2026-sem-3-0f96f3e1.html
https://sulaksh.online/pyq/paper/16th-and-17th-century-english-drama-pyq-2026-sem-2-paper-2-ff6a0ed9.html,https://sulaksh.online/pyq/paper/16th-and-17th-century-english-drama-pyq-2026-sem-2-paper-2-bc3dc821.html
https://sulaksh.online/pyq/paper/18th-century-literature-pyq-2025-sem-2-06e33cf8.html,https://sulaksh.online/pyq/paper/18th-century-literature-pyq-2025-sem-2-41f21b16.html
https://sulaksh.online/pyq/paper/16th-and-17th-century-english-drama-pyq-2026-sem-2-0efcdd6b.html,https://sulaksh.online/pyq/paper/16th-and-17th-century-english-drama-pyq-2026-sem-2-d0cca612.html
https://sulaksh.online/pyq/paper/indian-classical-literature-pyq-2025-sem-1-a547f881.html,https://sulaksh.online/pyq/paper/indian-classical-literature-pyq-2025-sem-1-af58a064.html
https://sulaksh.online/pyq/paper/introduction-to-literary-studies-pyq-2025-sem-1-9174e26c.html,https://sulaksh.online/pyq/paper/introduction-to-literary-studies-pyq-2025-sem-1-e86f8e8c.html
https://sulaksh.online/pyq/paper/indian-classical-literature-pyq-2026-sem-1-ef5de1d0.html,https://sulaksh.online/pyq/paper/indian-classical-literature-pyq-2026-sem-1-56566a63.html
https://sulaksh.online/pyq/paper/pyq-2026-sem-8-paper-2-f7d0aba8.html,https://sulaksh.online/pyq/paper/pyq-2026-sem-8-paper-2-9561f8ff.html
https://sulaksh.online/pyq/paper/pyq-2026-sem-8-paper-2-c2931cd5.html,https://sulaksh.online/pyq/paper/pyq-2026-sem-8-paper-2-9561f8ff.html
https://sulaksh.online/pyq/paper/pyq-2026-sem-8-paper-2-077b0257.html,https://sulaksh.online/pyq/paper/pyq-2026-sem-8-paper-2-9561f8ff.html
https://sulaksh.online/pyq/paper/pyq-2026-sem-8-6d9ad248.html,https://sulaksh.online/pyq/paper/pyq-2026-sem-8-c2999acc.html
https://sulaksh.online/pyq/paper/pyq-2026-sem-8-a19923b6.html,https://sulaksh.online/pyq/paper/pyq-2026-sem-8-c2999acc.html
https://sulaksh.online/pyq/paper/pyq-2026-sem-8-d30391da.html,https://sulaksh.online/pyq/paper/pyq-2026-sem-8-c2999acc.html
https://sulaksh.online/pyq/paper/pyq-2026-sem-8-117825ef.html,https://sulaksh.online/pyq/paper/pyq-2026-sem-8-c2999acc.html
https://sulaksh.online/pyq/paper/pyq-2026-sem-8-4479d8ae.html,https://sulaksh.online/pyq/paper/pyq-2026-sem-8-c2999acc.html
https://sulaksh.online/pyq/paper/pyq-2025-sem-7-0211d139.html,https://sulaksh.online/pyq/paper/pyq-2025-sem-7-86f2b014.html
https://sulaksh.online/pyq/paper/pyq-2025-sem-7-afb424f1.html,https://sulaksh.online/pyq/paper/pyq-2025-sem-7-86f2b014.html
https://sulaksh.online/pyq/paper/pyq-2025-sem-7-676c18ab.html,https://sulaksh.online/pyq/paper/pyq-2025-sem-7-86f2b014.html
https://sulaksh.online/pyq/paper/pyq-2025-sem-7-2f4aeb8a.html,https://sulaksh.online/pyq/paper/pyq-2025-sem-7-86f2b014.html
https://sulaksh.online/pyq/paper/pyq-2026-sem-7-ecd19166.html,https://sulaksh.online/pyq/paper/pyq-2026-sem-7-0270ab1f.html
https://sulaksh.online/pyq/paper/pyq-2026-sem-6-paper-2-b3f8651d.html,https://sulaksh.online/pyq/paper/pyq-2026-sem-6-paper-2-464de214.html
https://sulaksh.online/pyq/paper/pyq-2026-sem-6-paper-2-c49a135d.html,https://sulaksh.online/pyq/paper/pyq-2026-sem-6-paper-2-464de214.html
https://sulaksh.online/pyq/paper/pyq-2025-sem-6-e0fa3f6c.html,https://sulaksh.online/pyq/paper/pyq-2025-sem-6-e83c02e5.html
https://sulaksh.online/pyq/paper/pyq-2025-sem-6-81ee23e9.html,https://sulaksh.online/pyq/paper/pyq-2025-sem-6-e83c02e5.html
https://sulaksh.online/pyq/paper/pyq-2026-sem-6-90085433.html,https://sulaksh.online/pyq/paper/pyq-2026-sem-6-db11330d.html
https://sulaksh.online/pyq/paper/pyq-2026-sem-6-c698281e.html,https://sulaksh.online/pyq/paper/pyq-2026-sem-6-db11330d.html
https://sulaksh.online/pyq/paper/pyq-2026-sem-6-f1fdf589.html,https://sulaksh.online/pyq/paper/pyq-2026-sem-6-db11330d.html
https://sulaksh.online/pyq/paper/pyq-2025-sem-5-ee3fa62e.html,https://sulaksh.online/pyq/paper/pyq-2025-sem-5-992fbcfd.html
https://sulaksh.online/pyq/paper/pyq-2025-sem-5-2da81bf8.html,https://sulaksh.online/pyq/paper/pyq-2025-sem-5-992fbcfd.html
https://sulaksh.online/pyq/paper/pyq-2025-sem-5-7341529c.html,https://sulaksh.online/pyq/paper/pyq-2025-sem-5-992fbcfd.html
https://sulaksh.online/pyq/paper/pyq-2025-sem-5-837f1bc3.html,https://sulaksh.online/pyq/paper/pyq-2025-sem-5-992fbcfd.html
https://sulaksh.online/pyq/paper/pyq-2026-sem-5-2b410f50.html,https://sulaksh.online/pyq/paper/pyq-2026-sem-5-9961888f.html
https://sulaksh.online/pyq/paper/pyq-2026-sem-5-828e71b9.html,https://sulaksh.online/pyq/paper/pyq-2026-sem-5-9961888f.html
https://sulaksh.online/pyq/paper/pyq-2026-sem-5-8d0cf6c7.html,https://sulaksh.online/pyq/paper/pyq-2026-sem-5-9961888f.html
https://sulaksh.online/pyq/paper/pyq-2026-sem-5-ba770f52.html,https://sulaksh.online/pyq/paper/pyq-2026-sem-5-9961888f.html
https://sulaksh.online/pyq/paper/pyq-2026-sem-4-paper-2-573a91cc.html,https://sulaksh.online/pyq/paper/pyq-2026-sem-4-paper-2-187bb167.html
https://sulaksh.online/pyq/paper/pyq-2026-sem-4-paper-2-efb0b4c9.html,https://sulaksh.online/pyq/paper/pyq-2026-sem-4-paper-2-187bb167.html
https://sulaksh.online/pyq/paper/pyq-2026-sem-4-paper-2-5dbf95cf.html,https://sulaksh.online/pyq/paper/pyq-2026-sem-4-paper-2-187bb167.html
https://sulaksh.online/pyq/paper/pyq-2026-sem-4-3d3661da.html,https://sulaksh.online/pyq/paper/pyq-2026-sem-4-f60c97c3.html
https://sulaksh.online/pyq/paper/pyq-2026-sem-4-ce60c018.html,https://sulaksh.online/pyq/paper/pyq-2026-sem-4-f60c97c3.html
https://sulaksh.online/pyq/paper/pyq-2026-sem-4-6a9208ef.html,https://sulaksh.online/pyq/paper/pyq-2026-sem-4-f60c97c3.html
https://sulaksh.online/pyq/paper/pyq-2026-sem-4-4b58e440.html,https://sulaksh.online/pyq/paper/pyq-2026-sem-4-f60c97c3.html
https://sulaksh.online/pyq/paper/pyq-2024-sem-3-73a8ef68.html,https://sulaksh.online/pyq/paper/pyq-2024-sem-3-c20a23f7.html
https://sulaksh.online/pyq/paper/pyq-2025-sem-3-9034f2a4.html,https://sulaksh.online/pyq/paper/pyq-2025-sem-3-7d66b052.html
https://sulaksh.online/pyq/paper/pyq-2025-sem-3-30b532ca.html,https://sulaksh.online/pyq/paper/pyq-2025-sem-3-7d66b052.html
https://sulaksh.online/pyq/paper/pyq-2026-sem-3-0e6e3899.html,https://sulaksh.online/pyq/paper/pyq-2026-sem-3-04fd5f47.html
https://sulaksh.online/pyq/paper/pyq-2026-sem-3-6ab95568.html,https://sulaksh.online/pyq/paper/pyq-2026-sem-3-04fd5f47.html
https://sulaksh.online/pyq/paper/pyq-2025-sem-2-a255b16f.html,https://sulaksh.online/pyq/paper/pyq-2025-sem-2-93833606.html
https://sulaksh.online/pyq/paper/pyq-2026-sem-2-paper-3-2dfb79bb.html,https://sulaksh.online/pyq/paper/pyq-2026-sem-2-paper-3-edc3b7c7.html
https://sulaksh.online/pyq/paper/pyq-2026-sem-2-paper-2-14ae5bd8.html,https://sulaksh.online/pyq/paper/pyq-2026-sem-2-paper-2-8e0faf64.html
https://sulaksh.online/pyq/paper/pyq-2026-sem-2-paper-2-1f37ab6c.html,https://sulaksh.online/pyq/paper/pyq-2026-sem-2-paper-2-8e0faf64.html
https://sulaksh.online/pyq/paper/pyq-2026-sem-2-f676ecca.html,https://sulaksh.online/pyq/paper/pyq-2026-sem-2-fc302e7d.html
https://sulaksh.online/pyq/paper/pyq-2026-sem-2-c21af763.html,https://sulaksh.online/pyq/paper/pyq-2026-sem-2-fc302e7d.html
https://sulaksh.online/pyq/paper/pyq-2024-sem-1-paper-2-d5f9a6c8.html,https://sulaksh.online/pyq/paper/pyq-2024-sem-1-paper-2-181af799.html
https://sulaksh.online/pyq/paper/pyq-2024-sem-1-6d2835ae.html,https://sulaksh.online/pyq/paper/pyq-2024-sem-1-a05d7fb8.html
https://sulaksh.online/pyq/paper/pyq-2024-sem-1-4340a2ff.html,https://sulaksh.online/pyq/paper/pyq-2024-sem-1-a05d7fb8.html
https://sulaksh.online/pyq/paper/pyq-2025-sem-1-f2b5bfd6.html,https://sulaksh.online/pyq/paper/pyq-2025-sem-1-3f1d7c9d.html
https://sulaksh.online/pyq/paper/pyq-2025-sem-1-650daf2a.html,https://sulaksh.online/pyq/paper/pyq-2025-sem-1-3f1d7c9d.html
https://sulaksh.online/pyq/paper/pyq-2026-sem-1-3e6c5cab.html,https://sulaksh.online/pyq/paper/pyq-2026-sem-1-c4cc5b3a.html
https://sulaksh.online/pyq/paper/animals-and-society-hons-pyq-2025-95292467.html,https://sulaksh.online/pyq/paper/animals-and-society-hons-pyq-2025-e3939d75.html
https://sulaksh.online/pyq/paper/history-of-europe-1789-1870-pyq-2025-cef8d526.html,https://sulaksh.online/pyq/paper/history-of-europe-1789-1870-pyq-2025-575ee27e.html
https://sulaksh.online/pyq/paper/history-of-india-from-earliest-times-upto-300-ce-minor-pyq-2025-paper-2-27339ec5.html,https://sulaksh.online/pyq/paper/history-of-india-from-earliest-times-upto-300-ce-minor-pyq-2025-paper-2-122e77af.html
https://sulaksh.online/pyq/paper/history-of-india-from-earliest-times-upto-300-ce-minor-pyq-2025-paper-1-4616c4e4.html,https://sulaksh.online/pyq/paper/history-of-india-from-earliest-times-upto-300-ce-minor-pyq-2025-paper-1-697eafcd.html
https://sulaksh.online/pyq/paper/aec-pyq-paper-2-77385120.html,https://sulaksh.online/pyq/paper/aec-pyq-paper-2-7dd31e99.html
https://sulaksh.online/pyq/paper/aec-pyq-paper-2-2ab12f59.html,https://sulaksh.online/pyq/paper/aec-pyq-paper-2-7dd31e99.html
https://sulaksh.online/pyq/paper/aec-pyq-paper-1-8deff5ec.html,https://sulaksh.online/pyq/paper/aec-pyq-paper-1-064c744b.html
https://sulaksh.online/pyq/paper/aec-pyq-paper-1-e550a9f1.html,https://sulaksh.online/pyq/paper/aec-pyq-paper-1-064c744b.html
https://sulaksh.online/pyq/paper/2-932526c1.html,https://sulaksh.online/pyq/paper/2-9e7d8980.html
https://sulaksh.online/pyq/paper/5-e906efe5.html,https://sulaksh.online/pyq/paper/5-63be2794.html
https://sulaksh.online/pyq/paper/3-34abc45a.html,https://sulaksh.online/pyq/paper/3-20d7238e.html
https://sulaksh.online/pyq/paper/4-c0f45947.html,https://sulaksh.online/pyq/paper/4-1405987c.html
https://sulaksh.online/pyq/paper/sem-3-b58e4474.html,https://sulaksh.online/pyq/paper/sem-3-f0325316.html
https://sulaksh.online/pyq/paper/sem-3-a2956e59.html,https://sulaksh.online/pyq/paper/sem-3-f0325316.html
https://sulaksh.online/pyq/paper/notes-cea0549f.html,https://sulaksh.online/pyq/paper/notes-2ae674ea.html
https://sulaksh.online/pyq/paper/pyqs-c7d0e1dd.html,https://sulaksh.online/pyq/paper/pyqs-3a9c5350.html
https://sulaksh.online/pyq/paper/pyqs-dd5dd799.html,https://sulaksh.online/pyq/paper/pyqs-3a9c5350.html
https://sulaksh.online/pyq/paper/pyqs-5135eb2f.html,https://sulaksh.online/pyq/paper/pyqs-3a9c5350.html
https://sulaksh.online/pyq/paper/pyqs-75170763.html,https://sulaksh.online/pyq/paper/pyqs-3a9c5350.html
https://sulaksh.online/pyq/paper/pyqs-8edaffbc.html,https://sulaksh.online/pyq/paper/pyqs-3a9c5350.html
https://sulaksh.online/pyq/paper/sem-1-43aeebc7.html,https://sulaksh.online/pyq/paper/sem-1-82c61a6c.html
https://sulaksh.online/pyq/paper/syllabus-7ca80a51.html,https://sulaksh.online/pyq/paper/syllabus-77e09b9c.html
https://sulaksh.online/pyq/paper/syllabus-28f6a287.html,https://sulaksh.online/pyq/paper/syllabus-77e09b9c.html
https://sulaksh.online/pyq/paper/syllabus-0b5b5d2b.html,https://sulaksh.online/pyq/paper/syllabus-77e09b9c.html
https://sulaksh.online/pyq/paper/syllabus-5d9d139d.html,https://sulaksh.online/pyq/paper/syllabus-77e09b9c.html
https://sulaksh.online/pyq/paper/syllabus-50faa28a.html,https://sulaksh.online/pyq/paper/syllabus-77e09b9c.html
https://sulaksh.online/pyq/paper/syllabus-c3359078.html,https://sulaksh.online/pyq/paper/syllabus-77e09b9c.html
https://sulaksh.online/pyq/paper/syllabus-c1bb6ff3.html,https://sulaksh.online/pyq/paper/syllabus-77e09b9c.html
https://sulaksh.online/pyq/paper/syllabus-bed96d73.html,https://sulaksh.online/pyq/paper/syllabus-77e09b9c.html
https://sulaksh.online/pyq/paper/syllabus-93c492a1.html,https://sulaksh.online/pyq/paper/syllabus-77e09b9c.html
https://sulaksh.online/pyq/paper/syllabus-03e6cfe3.html,https://sulaksh.online/pyq/paper/syllabus-77e09b9c.html
https://sulaksh.online/pyq/paper/syllabus-c320f009.html,https://sulaksh.online/pyq/paper/syllabus-77e09b9c.html
https://sulaksh.online/pyq/paper/syllabus-4cb3081d.html,https://sulaksh.online/pyq/paper/syllabus-77e09b9c.html
https://sulaksh.online/pyq/paper/syllabus-fb7ff0cb.html,https://sulaksh.online/pyq/paper/syllabus-77e09b9c.html
https://sulaksh.online/pyq/paper/syllabus-e2c0f3dc.html,https://sulaksh.online/pyq/paper/syllabus-77e09b9c.html
https://sulaksh.online/pyq/paper/syllabus-c99a32c1.html,https://sulaksh.online/pyq/paper/syllabus-77e09b9c.html
https://sulaksh.online/pyq/paper/syllabus-b22bedeb.html,https://sulaksh.online/pyq/paper/syllabus-77e09b9c.html
https://sulaksh.online/pyq/paper/syllabus-b0324232.html,https://sulaksh.online/pyq/paper/syllabus-77e09b9c.html
https://sulaksh.online/pyq/paper/syllabus-a73ef0cf.html,https://sulaksh.online/pyq/paper/syllabus-77e09b9c.html
https://sulaksh.online/pyq/paper/syllabus-a0b44acc.html,https://sulaksh.online/pyq/paper/syllabus-77e09b9c.html
https://sulaksh.online/pyq/paper/syllabus-727b9c97.html,https://sulaksh.online/pyq/paper/syllabus-77e09b9c.html
https://sulaksh.online/pyq/paper/syllabus-96e07d4f.html,https://sulaksh.online/pyq/paper/syllabus-77e09b9c.html
https://sulaksh.online/pyq/paper/syllabus-e631b650.html,https://sulaksh.online/pyq/paper/syllabus-77e09b9c.html
https://sulaksh.online/pyq/paper/syllabus-666c999d.html,https://sulaksh.online/pyq/paper/syllabus-77e09b9c.html
https://sulaksh.online/pyq/paper/syllabus-e803a8bc.html,https://sulaksh.online/pyq/paper/syllabus-77e09b9c.html
https://sulaksh.online/pyq/paper/syllabus-5ff949ae.html,https://sulaksh.online/pyq/paper/syllabus-77e09b9c.html
https://sulaksh.online/pyq/paper/syllabus-4432db7d.html,https://sulaksh.online/pyq/paper/syllabus-77e09b9c.html
https://sulaksh.online/pyq/paper/syllabus-1fdc2962.html,https://sulaksh.online/pyq/paper/syllabus-77e09b9c.html
https://sulaksh.online/pyq/paper/syllabus-040d5dde.html,https://sulaksh.online/pyq/paper/syllabus-77e09b9c.html
https://sulaksh.online/pyq/paper/syllabus-5f13b046.html,https://sulaksh.online/pyq/paper/syllabus-77e09b9c.html
https://sulaksh.online/pyq/paper/syllabus-e4e8503c.html,https://sulaksh.online/pyq/paper/syllabus-77e09b9c.html
https://sulaksh.online/pyq/paper/syllabus-f9a9f35e.html,https://sulaksh.online/pyq/paper/syllabus-77e09b9c.html
https://sulaksh.online/pyq/paper/syllabus-5b5c8a8a.html,https://sulaksh.online/pyq/paper/syllabus-77e09b9c.html
https://sulaksh.online/pyq/paper/syllabus-55725e9b.html,https://sulaksh.online/pyq/paper/syllabus-77e09b9c.html
https://sulaksh.online/pyq/paper/syllabus-7a531e04.html,https://sulaksh.online/pyq/paper/syllabus-77e09b9c.html
https://sulaksh.online/pyq/paper/syllabus-c181ec1a.html,https://sulaksh.online/pyq/paper/syllabus-77e09b9c.html
https://sulaksh.online/pyq/paper/syllabus-ea7ac2e6.html,https://sulaksh.online/pyq/paper/syllabus-77e09b9c.html
https://sulaksh.online/pyq/paper/syllabus-c1b33133.html,https://sulaksh.online/pyq/paper/syllabus-77e09b9c.html
https://sulaksh.online/pyq/paper/syllabus-463205d1.html,https://sulaksh.online/pyq/paper/syllabus-77e09b9c.html
https://sulaksh.online/pyq/paper/syllabus-41adeaf6.html,https://sulaksh.online/pyq/paper/syllabus-77e09b9c.html
https://sulaksh.online/pyq/paper/syllabus-4faa9ed7.html,https://sulaksh.online/pyq/paper/syllabus-77e09b9c.html
https://sulaksh.online/pyq/paper/syllabus-3f45fb82.html,https://sulaksh.online/pyq/paper/syllabus-77e09b9c.html
https://sulaksh.online/pyq/paper/syllabus-7bf976fc.html,https://sulaksh.online/pyq/paper/syllabus-77e09b9c.html
https://sulaksh.online/pyq/paper/syllabus-8c00f414.html,https://sulaksh.online/pyq/paper/syllabus-77e09b9c.html
https://sulaksh.online/pyq/paper/syllabus-f283e08a.html,https://sulaksh.online/pyq/paper/syllabus-77e09b9c.html
https://sulaksh.online/pyq/paper/syllabus-de785d6a.html,https://sulaksh.online/pyq/paper/syllabus-77e09b9c.html
https://sulaksh.online/pyq/paper/syllabus-43d9b49f.html,https://sulaksh.online/pyq/paper/syllabus-77e09b9c.html
https://sulaksh.online/pyq/paper/syllabus-ccb2cf8e.html,https://sulaksh.online/pyq/paper/syllabus-77e09b9c.html
https://sulaksh.online/pyq/paper/syllabus-08c9d28d.html,https://sulaksh.online/pyq/paper/syllabus-77e09b9c.html
https://sulaksh.online/pyq/paper/syllabus-730fd392.html,https://sulaksh.online/pyq/paper/syllabus-77e09b9c.html
https://sulaksh.online/pyq/paper/syllabus-f6a9887a.html,https://sulaksh.online/pyq/paper/syllabus-77e09b9c.html
https://sulaksh.online/pyq/paper/syllabus-5a419f57.html,https://sulaksh.online/pyq/paper/syllabus-77e09b9c.html
https://sulaksh.online/pyq/paper/syllabus-ef65f449.html,https://sulaksh.online/pyq/paper/syllabus-77e09b9c.html
https://sulaksh.online/pyq/paper/syllabus-5ba9a098.html,https://sulaksh.online/pyq/paper/syllabus-77e09b9c.html
https://sulaksh.online/pyq/paper/syllabus-132d2d1d.html,https://sulaksh.online/pyq/paper/syllabus-77e09b9c.html
https://sulaksh.online/pyq/paper/syllabus-cf3cbd0d.html,https://sulaksh.online/pyq/paper/syllabus-77e09b9c.html
https://sulaksh.online/pyq/paper/syllabus-fd91c044.html,https://sulaksh.online/pyq/paper/syllabus-77e09b9c.html
https://sulaksh.online/pyq/paper/syllabus-73b499e0.html,https://sulaksh.online/pyq/paper/syllabus-77e09b9c.html
https://sulaksh.online/pyq/paper/syllabus-429a43fc.html,https://sulaksh.online/pyq/paper/syllabus-77e09b9c.html
https://sulaksh.online/pyq/paper/syllabus-9eb2341c.html,https://sulaksh.online/pyq/paper/syllabus-77e09b9c.html
https://sulaksh.online/pyq/paper/syllabus-9c36eac6.html,https://sulaksh.online/pyq/paper/syllabus-77e09b9c.html
https://sulaksh.online/pyq/paper/syllabus-800b392d.html,https://sulaksh.online/pyq/paper/syllabus-77e09b9c.html
https://sulaksh.online/pyq/paper/syllabus-3dcc04fd.html,https://sulaksh.online/pyq/paper/syllabus-77e09b9c.html
https://sulaksh.online/pyq/paper/syllabus-2f97dd64.html,https://sulaksh.online/pyq/paper/syllabus-77e09b9c.html
https://sulaksh.online/pyq/paper/syllabus-b86a74b2.html,https://sulaksh.online/pyq/paper/syllabus-77e09b9c.html
https://sulaksh.online/pyq/paper/syllabus-c0a40e37.html,https://sulaksh.online/pyq/paper/syllabus-77e09b9c.html
https://sulaksh.online/pyq/paper/syllabus-de5679ff.html,https://sulaksh.online/pyq/paper/syllabus-77e09b9c.html
https://sulaksh.online/pyq/paper/syllabus-7277f147.html,https://sulaksh.online/pyq/paper/syllabus-77e09b9c.html
https://sulaksh.online/pyq/paper/syllabus-cc44b05f.html,https://sulaksh.online/pyq/paper/syllabus-77e09b9c.html
https://sulaksh.online/pyq/paper/syllabus-b4882fd1.html,https://sulaksh.online/pyq/paper/syllabus-77e09b9c.html
https://sulaksh.online/pyq/paper/syllabus-db80e0d9.html,https://sulaksh.online/pyq/paper/syllabus-77e09b9c.html
https://sulaksh.online/pyq/paper/syllabus-c603a9be.html,https://sulaksh.online/pyq/paper/syllabus-77e09b9c.html
https://sulaksh.online/pyq/paper/syllabus-828cf681.html,https://sulaksh.online/pyq/paper/syllabus-77e09b9c.html
https://sulaksh.online/pyq/paper/syllabus-862bc778.html,https://sulaksh.online/pyq/paper/syllabus-77e09b9c.html
https://sulaksh.online/pyq/paper/syllabus-43290a21.html,https://sulaksh.online/pyq/paper/syllabus-77e09b9c.html
https://sulaksh.online/pyq/paper/syllabus-9feecc31.html,https://sulaksh.online/pyq/paper/syllabus-77e09b9c.html
https://sulaksh.online/pyq/paper/syllabus-d5c1529a.html,https://sulaksh.online/pyq/paper/syllabus-77e09b9c.html
https://sulaksh.online/pyq/paper/syllabus-85535698.html,https://sulaksh.online/pyq/paper/syllabus-77e09b9c.html
https://sulaksh.online/pyq/paper/syllabus-95fd9ec3.html,https://sulaksh.online/pyq/paper/syllabus-77e09b9c.html
https://sulaksh.online/pyq/paper/syllabus-7d00b516.html,https://sulaksh.online/pyq/paper/syllabus-77e09b9c.html
https://sulaksh.online/pyq/paper/syllabus-949d45b4.html,https://sulaksh.online/pyq/paper/syllabus-77e09b9c.html
https://sulaksh.online/pyq/paper/syllabus-3a2181b5.html,https://sulaksh.online/pyq/paper/syllabus-77e09b9c.html
https://sulaksh.online/pyq/paper/syllabus-86284de9.html,https://sulaksh.online/pyq/paper/syllabus-77e09b9c.html
https://sulaksh.online/pyq/paper/syllabus-9598253e.html,https://sulaksh.online/pyq/paper/syllabus-77e09b9c.html
https://sulaksh.online/pyq/paper/syllabus-338b19ab.html,https://sulaksh.online/pyq/paper/syllabus-77e09b9c.html
https://sulaksh.online/pyq/paper/syllabus-335dfc9a.html,https://sulaksh.online/pyq/paper/syllabus-77e09b9c.html
https://sulaksh.online/pyq/paper/syllabus-9f62b157.html,https://sulaksh.online/pyq/paper/syllabus-77e09b9c.html
https://sulaksh.online/pyq/paper/syllabus-9a63a7c4.html,https://sulaksh.online/pyq/paper/syllabus-77e09b9c.html
https://sulaksh.online/pyq/paper/syllabus-90c4f7d9.html,https://sulaksh.online/pyq/paper/syllabus-77e09b9c.html
https://sulaksh.online/pyq/paper/syllabus-72752b97.html,https://sulaksh.online/pyq/paper/syllabus-77e09b9c.html
https://sulaksh.online/pyq/paper/-26f4a295.html,https://sulaksh.online/pyq.html
https://sulaksh.online/pyq/paper/pyq-3e2d080b.html,https://sulaksh.online/pyq.html
https://sulaksh.online/pyq/paper/pyq-af04eadb.html,https://sulaksh.online/pyq.html
https://sulaksh.online/pyq/paper/4th-jpg-e961a9c3.html,https://sulaksh.online/pyq.html
https://sulaksh.online/pyq/paper/screenshot-2026-08-23-at-1-57-26-am-png-16a832f3.html,https://sulaksh.online/pyq.html
https://sulaksh.online/pyq/paper/screenshot-2026-08-23-at-1-51-14-am-png-1e88e1ff.html,https://sulaksh.online/pyq.html
https://sulaksh.online/pyq/paper/screenshot-2026-08-23-at-1-09-29-am-png-6cee504a.html,https://sulaksh.online/pyq.html
https://sulaksh.online/pyq/paper/pyq-d63f40f7.html,https://sulaksh.online/pyq.html
https://sulaksh.online/pyq/paper/pyq-77946d85.html,https://sulaksh.online/pyq.html
https://sulaksh.online/pyq/paper/screenshot-2026-08-17-23-51-17-53-e2d5b3f32b79de1d45acd1fad96fbb0f-jpg-208c08de.html,https://sulaksh.online/pyq.html
https://sulaksh.online/pyq/paper/-0d0e7278.html,https://sulaksh.online/pyq.html
https://sulaksh.online/pyq/paper/screenshot-2026-08-17-16-25-40-99-e2d5b3f32b79de1d45acd1fad96fbb0f-jpg-0c345e4b.html,https://sulaksh.online/pyq.html
https://sulaksh.online/pyq/paper/screenshot-2026-08-17-at-1-01-57-am-png-455c64f6.html,https://sulaksh.online/pyq.html
